{"cameraMode":{"drawMode":0,"name":"Shaded","section":"Shading Mode"},"sceneLighting":true,"audioPlay":false,"sceneViewState":{"showFog":true,"showMaterialUpdate":false,"showSkybox":true,"showFlares":true,"showImageEffects":true,"showParticleSystems":true},"in2DMode":false,"pivot":{"x":-0.85107421875,"y":0.28271484375,"z":-0.00537109375},"rotation":{"x":0.28260311484336855,"y":-0.3185954689979553,"z":0.10012618452310562,"w":0.8992258310317993},"size":45.74787521362305,"orthographic":true}